https://note.com/wakuwaku_fire/n/nf237920e71ca	FIREを一人で目指すのに疲れた人へ｜お金・仕事・人生を本音で話せる場所を作りました
https://note.com/wakuwaku_fire/n/nbb915ea0fc32	なぜ人生はうまくいかないのか？FIREして1.4億円まで増やし、失ったから分かった人生の落とし穴
https://note.com/wakuwaku_fire/n/n13971cb2ab58	FIREした100人を調べたら「本当に幸せなのか」の答えが見えた
https://note.com/wakuwaku_fire/n/naf543113b6da	勢いで会社を辞めてFIREした結果…6年後も生きています【セミリタイア】
https://note.com/wakuwaku_fire/n/ne40b24b464b1	FIRE民が2年間話し合って分かったこと30選｜お金を増やすだけでは自由になれなかった
https://note.com/wakuwaku_fire/n/nd1fdec2d12ea	FIRE達成者は日々何をしてる？30歳で会社を辞めた僕の、キラキラしてない日常
https://note.com/wakuwaku_fire/n/n7b274fedb853	FIRE生活に役立つリンク集
https://note.com/wakuwaku_fire/n/n1691f95a3be1	なぜFIREしたい？コミュニティ調査で判明した「本当の理由」が想像以上に切実だった件
https://note.com/wakuwaku_fire/n/n25ac39b5d3b0	20人以上が1年以上継続。ワクワクFIREコミュニティが長く続いている理由を考えてみた
https://note.com/wakuwaku_fire/n/nfec5547c04c6	FIREコミュニティは怪しい？2年間運営して分かったメリット・デメリットを正直に話します
https://note.com/wakuwaku_fire/n/nbd8e7de0f0a9	30歳・資産6000万円でFIREした僕が、お金ではなく「仲間が集まる場所」を作った理由
https://note.com/wakuwaku_fire/n/n600a7d912f30	スマホを開いて最初に株価を見る人は危険です｜FIREしても自由になれない「投資病」の治し方
https://note.com/wakuwaku_fire/n/nabf5b9d04c80	FIREしたい人が絶対に削ってはいけない支出【幸福度が上がるお金の使い方】
https://note.com/wakuwaku_fire/n/nfac8847925a1	FIREした人は毎日何してる？早期リタイア後のリアルな10日間を全部公開【FIRE100日チャレンジ③】
https://note.com/wakuwaku_fire/n/nac8182a66b33	資産6000万円でサイドFIREした率直な10の感想
https://note.com/wakuwaku_fire/n/n1993491da563	FIRE100日チャレンジ第二話！FIREおじさんが何をやってるか暴露します【早期リタイア】
https://note.com/wakuwaku_fire/n/n0b850804e292	サイドFIRE6年目、中年おっさんのリアルな一日を全部さらけ出します
https://note.com/wakuwaku_fire/n/n1ed54f49d6f6	FIREしたおっさんがYouTubeライブ配信をやったら稼げるのか？想像以上にカオスだったw
https://note.com/wakuwaku_fire/n/n2e0ebec074cd	イーロン・マスク「お金の価値はなくなる」じゃあ資産運用って意味あるの？
https://note.com/wakuwaku_fire/n/nd0ccab575003	FIRE後に専業主夫になるとどうなる？家事育児とお金のリアルを実体験で話します！
https://note.com/wakuwaku_fire/n/n1b9e0917cd93	これがFIREのガチ日常！暇なんて無い日々、何をやってるか暴露します【早期リタイア】
https://note.com/wakuwaku_fire/n/nc67f6456962c	なぜ僕らは資産額を公開してしまうのか？【FIRE】
https://note.com/wakuwaku_fire/n/n5de515bfe8a7	【意外な盲点】FIRE6年目だからこそ語れる人生を後悔しないための5つの真実【早期リタイア】
https://note.com/wakuwaku_fire/n/n75cf17842127	【徹底考察】FIRE批判は正しいのか？それともFIREは日本の救世主なのか？【早期リタイア】
https://note.com/wakuwaku_fire/n/n71b475232f8d	FIRE後の中年の人生がつまらない原因はこれ。一緒に打破しようぜ。
https://note.com/wakuwaku_fire/n/neef71cd7e917	後編【FIREの闇】早期リタイアは暇だしお金が足りなくなるって真実なのか？
https://note.com/wakuwaku_fire/n/n282c9d0d5788	【FIREの闇】早期リタイアは暇だしお金が足りなくなるって真実なのか？
https://note.com/wakuwaku_fire/n/nd973f1ef36ec	FIRE4コマ漫画「最短の下剋上」
https://note.com/wakuwaku_fire/n/n57aa79191b91	FIRE4コマ漫画「習慣化の極意」
https://note.com/wakuwaku_fire/n/n601c133200b6	FIRE4コマ漫画「子供に見せるべき背中」
https://note.com/wakuwaku_fire/n/naae8013771ad	FIRE4コマ漫画「何かを始める前にまず捨てよ」
https://note.com/wakuwaku_fire/n/n41c87e7d756a	FIRE4コマ漫画「今すぐ自分の時間を取り戻せ」
https://note.com/wakuwaku_fire/n/nb14e01a285a7	FIRE4コマ漫画「感謝できる人は幸せ」
https://note.com/wakuwaku_fire/n/n3f8949013f5c	FIRE4コマ漫画「人生は自分でデザインせよ」
https://note.com/wakuwaku_fire/n/n234729e53e10	FIRE4コマ漫画「月曜日の朝の幸せ」
https://note.com/wakuwaku_fire/n/nd50648e1880e	FIRE4コマ漫画「いつまでも準備してしまう人へ」
https://note.com/wakuwaku_fire/n/n022a0b7dfca5	FIRE4コマ漫画「ウキウキワクワクFIRE論」
https://note.com/wakuwaku_fire/n/n5b42defb6a0b	FIRE4コマ漫画「お一人様外食で鍛えられる力」
https://note.com/wakuwaku_fire/n/n82ac1e4cb360	FIRE4コマ漫画「FIREが最強な理由」
https://note.com/wakuwaku_fire/n/n17da56fdb0c4	FIRE後の恐怖6選と対策法【セミリタイア】
https://note.com/wakuwaku_fire/n/nf24297cec5d5	知らないと損！お金をかけずに人生を豊かにする12の方法【後編】
https://note.com/wakuwaku_fire/n/nc7e90222c112	知らないと損！お金をかけずに人生を豊かにする12の方法【前編】
https://note.com/wakuwaku_fire/n/nfd636d4f463d	FIRE4コマ漫画「誰も正してくれない」
https://note.com/wakuwaku_fire/n/n97839d27eb37	FIRE4コマ漫画「忙しぶるFIRE民」
https://note.com/wakuwaku_fire/n/n3141a55c65b7	FIRE4コマ漫画「FIREのイメージの違い」
https://note.com/wakuwaku_fire/n/n4bcd6996be9e	FIRE4コマ漫画「お金使おうぜ！」
https://note.com/wakuwaku_fire/n/nc6ee2c901e48	FIRE4コマ漫画「YouTuberの醍醐味」
https://note.com/wakuwaku_fire/n/n38aae5925bd7	FIRE4コマ漫画「トーク力を取り戻せ」
https://note.com/wakuwaku_fire/n/n8e22175166fd	FIRE4コマ漫画「FIREしたらとにかく作れ！」
https://note.com/wakuwaku_fire/n/n4f808a173487	FIRE4コマ漫画「令和の中年の生き様」
https://note.com/wakuwaku_fire/n/n423e1e58d4e3	FIRE4コマ漫画「中年こそワクワクしろ！」
https://note.com/wakuwaku_fire/n/n32dfab6c4b82	FIRE4コマ漫画「FIREして目指すべき姿」
https://note.com/wakuwaku_fire/n/n6e1ce51d249a	FIRE4コマ漫画「FIRE後に働くという矛盾」
https://note.com/wakuwaku_fire/n/n4854bdab8809	FIRE4コマ漫画「FIRE生活の特権」
https://note.com/wakuwaku_fire/n/na37fe6f6bece	FIREで自由を手にした男が辿り着いた人生の真理【セミリタイア】後編
https://note.com/wakuwaku_fire/n/n2e3d02a6c176	FIREで自由を手にした男が辿り着いた人生の真理【セミリタイア】
https://note.com/wakuwaku_fire/n/n6262b51183d9	【FIRE4コマ漫画】FIRE民、移住しがち
https://note.com/wakuwaku_fire/n/n95e7fc1cbd78	デイトレで生き残る秘訣
https://note.com/wakuwaku_fire/n/n3ef068b91aef	【FIRE】中年に残された時間は少ない。人生を取り戻せ【後編】
https://note.com/wakuwaku_fire/n/n4170bf88c5cc	【FIRE】中年に残された時間は少ない。人生を取り戻せ【前編】
https://note.com/wakuwaku_fire/n/n17ff8fe53672	FIRE４コマ漫画「FIREのバイブル」
https://note.com/wakuwaku_fire/n/n51346727e378	FIRE４コマ漫画「結局こうなる」
https://note.com/wakuwaku_fire/n/nad01448cc369	【閲覧注意】仮想通貨のデイトレ1年間した結果
https://note.com/wakuwaku_fire/n/n35e0c4a46f30	無職の子持ちおっさん、一億円失って始めたこと（後編）
https://note.com/wakuwaku_fire/n/n6aa81521d06b	無職の子持ちおっさん、一億円失って始めたこと（前編）
https://note.com/wakuwaku_fire/n/naab792fa9524	【後編】1億円弱失ってFIRE卒業。仮想通貨の暴落と「アリエッティ」な決断
https://note.com/wakuwaku_fire/n/n99d9badeaf59	【前編】1億円弱失ってFIRE卒業。仮想通貨の暴落と「アリエッティ」な決断
https://note.com/wakuwaku_fire/n/n6f07eb1d2460	第３弾【中年こそ見るべし】人生をFIREでワクワクへと変えるなら今！大人のワクワクTOP30【サイドFIRE・セミリタイア】
https://note.com/wakuwaku_fire/n/n6dffec749f89	第２弾【中年こそ見るべし】人生をFIREでワクワクへと変えるなら今！大人のワクワクTOP30【サイドFIRE・セミリタイア】
https://note.com/wakuwaku_fire/n/nd0e49ea725e7	【中年こそ見るべし】人生をFIREでワクワクへと変えるなら今！大人のワクワクTOP30【サイドFIRE・セミリタイア】
https://note.com/wakuwaku_fire/n/naaa8d86bd064	【FIRE億り人 ぶっちゃけ対談】億った方法を聞いちゃう【サイドFIRE・セミリタイア】
https://note.com/wakuwaku_fire/n/n114936df952d	後編【FIRE5年目のリアル】後悔や不安などあるのか？【セミリタイア・サイドFIRE】
https://note.com/wakuwaku_fire/n/na358985a5b75	前編【FIRE5年目のリアル】後悔や不安などあるのか？【セミリタイア・サイドFIRE】
https://note.com/wakuwaku_fire/n/n8d0f03f05a07	後編【ぶっちゃけ】30歳でFIREしてもう5年！今の心境と現実【サイドFIRE・セミリタイア】
https://note.com/wakuwaku_fire/n/n9fc54ad48d4b	前編【ぶっちゃけ】30歳でFIREしてもう5年！今の心境と現実【サイドFIRE・セミリタイア】
https://note.com/wakuwaku_fire/n/n5e57ecfce236	後編：ワクワクFIREコミュニティの内部公開【知られざる活動の全貌】
https://note.com/wakuwaku_fire/n/nda4d17d7e09f	前編：ワクワクFIREコミュニティの実態公開【怪しすぎ？】
https://note.com/wakuwaku_fire/n/n24df48f72ab1	【後編】デイトレの闇 - 億トレーダーが語る残酷な世界
https://note.com/wakuwaku_fire/n/nfb082b66f0dc	【前編】デイトレの闇 - 億トレーダーが語る残酷な世界
https://note.com/wakuwaku_fire/n/n39346c62bf50	3/3話【FIRE物語】Die with 500万円～人生がそんなに豊かにならないテキトーなルール～
https://note.com/wakuwaku_fire/n/na2b468ab5402	2/3話【FIRE物語】Die with 500万円～人生がそんなに豊かにならないテキトーなルール～
https://note.com/wakuwaku_fire/n/n7dc0a7145f3d	1/3話【FIRE物語】Die with 500万円～人生がそんなに豊かにならないテキトーなルール～
https://note.com/wakuwaku_fire/n/nd544a8880956	諦めることリストのすすめ
https://note.com/wakuwaku_fire/n/naa48cd65abbf	FIREコミュニティ『150人⇒90人に減らす』決断をした結果
https://note.com/wakuwaku_fire/n/nf743b3f2f773	停滞感がある時こそ「○○」せよ！
https://note.com/wakuwaku_fire/n/n676ba6b551d7	コミュニティを運営していないとわからない苦労
https://note.com/wakuwaku_fire/n/n7ff9a8291cb4	何者でもない自分に焦りを感じる
https://note.com/wakuwaku_fire/n/nf7d5a2c72a4b	「人生このままでいいのか？」の一つの答えがここにある
https://note.com/wakuwaku_fire/n/n0c4dcd30ddde	FIREするなら早くサードプレイスを持つべし！
https://note.com/wakuwaku_fire/n/n8c041b88cc4e	FIRE億り人の赤裸々ララライフ！日常暴露シリーズ④
https://note.com/wakuwaku_fire/n/n758c5205cc98	FIRE後は人に投資することが肝
https://note.com/wakuwaku_fire/n/n75b5c1caa37a	FIRE後は無価値な事すら楽しんでしまえ！
https://note.com/wakuwaku_fire/n/nb8246e5c1bd7	FIRE後は、他者の人生に名前を刻め！
https://note.com/wakuwaku_fire/n/nfffdc0a9cb3f	FIRE億り人の赤裸々ララライフ！日常暴露シリーズ③
https://note.com/wakuwaku_fire/n/na193139bbf89	FIRE後に何するか迷ったら、自分のコンテンツを磨くべし！
https://note.com/wakuwaku_fire/n/ne21c99e696ea	FIRE億り人の人生が変わる口癖③
https://note.com/wakuwaku_fire/n/need3692a8047	FIREあるある③～結局みんなこうなる～
https://note.com/wakuwaku_fire/n/n8bf7979f90d9	FIRE億り人の赤裸々ララライフ！日常暴露シリーズ②
https://note.com/wakuwaku_fire/n/n6ff553258af6	FIREコミュニティで共にチャレンジする難しさ
https://note.com/wakuwaku_fire/n/n1eb50b6bc21e	FIRE億り人の人生が変わる口癖②
https://note.com/wakuwaku_fire/n/n54d989ce663b	FIREあるある②～結局みんなこうなる～
https://note.com/wakuwaku_fire/n/n68c614c60039	FIRE億り人の赤裸々ララライフ！日常暴露シリーズ①
https://note.com/wakuwaku_fire/n/n4c3fd95249d0	今年マイナス5000万円出したけど資産1億円超えた話
https://note.com/wakuwaku_fire/n/n7af1df40f66d	FIREして後悔したことけっこうあんねん～FIREは人をダメにする～
https://note.com/wakuwaku_fire/n/nb584087f8671	FIRE億り人の人生が変わる口癖①
https://note.com/wakuwaku_fire/n/n752bdb4d758e	FIREあるある①～結局みんなこうなる～
https://note.com/wakuwaku_fire/n/naa0a04506b0c	FIRE後こそ「アナ雪スタイル」で生きるべし！
https://note.com/wakuwaku_fire/n/n3a748c70a1d5	辛辣なYouTubeコメント達を斬り捨てる！
https://note.com/wakuwaku_fire/n/nfa0bee1782d8	FIRE生活のボケを防止する方法
https://note.com/wakuwaku_fire/n/nfc053216878a	好きなことを仕事にする難易度まじエベレスト
https://note.com/wakuwaku_fire/n/nf426f1649087	歳を重ねても楽しい人生を送る秘訣は○○だ！
https://note.com/wakuwaku_fire/n/n07e410d40bdb	FIRE民の最高の飯屋はここだ！パート2
https://note.com/wakuwaku_fire/n/n1772f3f735fb	FIRE民の最高の飯屋はここだ！
https://note.com/wakuwaku_fire/n/nc9cf84c1bc16	仮想通貨は上がると言ったじゃろ！
https://note.com/wakuwaku_fire/n/n43035a0f8df7	FIRE系YouTuberの私的な再生回数ランキング
https://note.com/wakuwaku_fire/n/na5945829f4c1	FIREコミュニティの裏話1～運営の困りごと～
https://note.com/wakuwaku_fire/n/ne9d1426e92ea	FIRE億り人の心をぶっ刺した言葉
https://note.com/wakuwaku_fire/n/n2033519342a2	【収益公開】FIRE系YouTuberは稼げるのか？
https://note.com/wakuwaku_fire/n/n938c91678897	FIREコミュニティという大人の秘密基地
https://note.com/wakuwaku_fire/n/n996a3b17701b	FIREした直後は異常なまでに浮かれてしまえ！
https://note.com/wakuwaku_fire/n/ne4df656a3662	ハッピーオッパッピーなFIRE思考のすゝめ
https://note.com/wakuwaku_fire/n/n0644069b94b1	オカンとオトンの幸せの中心に、僕がいた
https://note.com/wakuwaku_fire/n/nf3668917bc90	FIREのREは、ワカチコである
https://note.com/wakuwaku_fire/n/n12ce77a48d7e	おふざけと真面目の狭間でFIRE論を叫ぶ男の自己紹介
